{
  "version": 2,
  "builds": [
    {
      "src": "package.json",
      "use": "@vercel/static-build",
      "config": {
        "distDir": "."
      }
    }
  ],
  "routes": [
    {
      "src": "/api/(.*)",
      "dest": "/api/$1"
    },
    {
      "src": "/(.*\\.(html|css|js|png|jpg|jpeg|gif|svg|ico|json|woff|woff2|ttf|eot))",
      "dest": "/$1"
    },
    {
      "src": "/firebase/(.*)",
      "dest": "/firebase/$1"
    },
    {
      "src": "/(.*)",
      "dest": "/index.html"
    }
  ],
  "headers": [
    {
      "source": "/(.*\\.js)",
      "headers": [
        {
          "key": "Content-Type",
          "value": "application/javascript; charset=utf-8"
        },
        {
          "key": "Access-Control-Allow-Origin",
          "value": "*"
        }
      ]
    },
    {
      "source": "/firebase/(.*)",
      "headers": [
        {
          "key": "Content-Type",
          "value": "application/javascript; charset=utf-8"
        },
        {
          "key": "Access-Control-Allow-Origin",
          "value": "*"
        },
        {
          "key": "Access-Control-Allow-Methods",
          "value": "GET, OPTIONS"
        }
      ]
    }
  ]
}

